M0,H,T,Loss
Mean,0,0,-0.0019005457419318554
Mean,0,1,0.0017185276292484043
Mean,0,2,0.004500371445944512
Mean,0,3,0.005100441272497996
Mean,0,4,-0.002497679376756496
Mean,0,5,0.00477675466946661
Mean,0,6,-0.0017665429386052684
Mean,0,7,-0.0009491260583610441
Mean,0,8,0.00965454228572985
Mean,0,9,-0.00671176845511886
Mean,0,10,-0.005466024298922463
Mean,0,11,0.0016915858310505207
Mean,0,12,-0.001945686240862385
Mean,0,13,0.00039055954467497305
Mean,0,14,0.002941480043652901
Mean,0,15,0.00468015617782056
Mean,0,16,0.0002219200444139452
Mean,0,17,0.0030749911216127316
Mean,0,18,7.214819931143819e-05
Mean,0,19,0.0011080490235111824
Mean,0,20,0.0013461637028608225
Mean,0,21,0.00045998334887780313
Mean,0,22,-0.0011279230910340764
Mean,0,23,-0.0033120532988983814
Mean,1,0,0.0016971731827098435
Mean,1,1,0.004519466197380605
Mean,1,2,0.005149895903772112
Mean,1,3,-0.0024422397977076045
Mean,1,4,0.004749897901974605
Mean,1,5,-0.0017157263995683895
Mean,1,6,-0.0009677212471884689
Mean,1,7,0.009644655555955256
Mean,1,8,-0.00661223709134845
Mean,1,9,-0.005534511732137961
Mean,1,10,0.001636373464394738
Mean,1,11,-0.0019287703825518789
Mean,1,12,0.0003712953244684146
Mean,1,13,0.0029453090587967727
Mean,1,14,0.004708714236496801
Mean,1,15,0.00026692154612375976
Mean,1,16,0.0030771046458452447
Mean,1,17,0.00010115754951533183
Mean,1,18,0.0011087233057477386
Mean,1,19,0.0013564234160414823
Mean,1,20,0.0004723334745921218
Mean,1,21,-0.0011237414242260962
Mean,1,22,-0.003322214768186977
Mean,1,23,-0.001551587419933581
Mean,2,0,0.004498111750842044
Mean,2,1,0.005168990655208205
Mean,2,2,-0.002392785166433489
Mean,2,3,0.004805337481023496
Mean,2,4,-0.0017425831670603948
Mean,2,5,-0.00091690470815159
Mean,2,6,0.00962606036712783
Mean,2,7,-0.006622123821123043
Mean,2,8,-0.005434980368367551
Mean,2,9,0.0015678860311792399
Mean,2,10,-0.0019839827492076616
Mean,2,11,0.00038821118277892076
Mean,2,12,0.0029260448385902142
Mean,2,13,0.004712543251640673
Mean,2,14,0.0002954796048000013
Mean,2,15,0.0031221061475550592
Mean,2,16,0.0001032710737478449
Mean,2,17,0.0011377326559516322
Mean,2,18,0.0013570976982780385
Mean,2,19,0.0004825931877727816
Mean,2,20,-0.0011113912985117776
Mean,2,21,-0.003318033101378997
Mean,2,22,-0.0015617488892221768
Mean,2,23,-0.0022565280540044813
Mean,3,0,0.005147636208669644
Mean,3,1,-0.002373690414997396
Mean,3,2,0.0048547921122976114
Mean,3,3,-0.0016871435880115035
Mean,3,4,-0.0009437614756435952
Mean,3,5,0.00967687690616471
Mean,3,6,-0.006640719009950468
Mean,3,7,-0.0054448670981421445
Mean,3,8,0.0016674173949496503
Mean,3,9,-0.0020524701824231597
Mean,3,10,0.00033299881612313797
Mean,3,11,0.0029429606969007204
Mean,3,12,0.004693279031434114
Mean,3,13,0.000299308619943873
Mean,3,14,0.0031506642062313008
Mean,3,15,0.00014827257545765946
Mean,3,16,0.0011398461801841453
Mean,3,17,0.0013861070484819321
Mean,3,18,0.00048326747000933777
Mean,3,19,-0.0011011315853311178
Mean,3,20,-0.0033056829756646783
Mean,3,21,-0.0015575672224141966
Mean,3,22,-0.002266689523293077
Mean,3,23,0.001240053907736619
Mean,4,0,-0.002395044861535957
Mean,4,1,0.004873886863733704
Mean,4,2,-0.001637688956737388
Mean,4,3,-0.0008883218965947039
Mean,4,4,0.009650020138672704
Mean,4,5,-0.006589902470913589
Mean,4,6,-0.005463462286969569
Mean,4,7,0.0016575306651750565
Mean,4,8,-0.0019529388186527493
Mean,4,9,0.0002645113829076399
Mean,4,10,0.0028877483302449376
Mean,4,11,0.004710194889744621
Mean,4,12,0.00028004439973731456
Mean,4,13,0.0031544932213751725
Mean,4,14,0.000176830634133901
Mean,4,15,0.0011848476818939599
Mean,4,16,0.0013882205727144452
Mean,4,17,0.0005122768202132314
Mean,4,18,-0.0011004573030945616
Mean,4,19,-0.0032954232624840185
Mean,4,20,-0.001545217096699878
Mean,4,21,-0.002262507856485097
Mean,4,22,0.0012298924384480233
Mean,4,23,0.003819070331247119
Mean,5,0,0.0048525324171951436
Mean,5,1,-0.0016185942053012952
Mean,5,2,-0.0008388672653205885
Mean,5,3,0.009705459717721597
Mean,5,4,-0.006616759238405595
Mean,5,5,-0.00541264574793269
Mean,5,6,0.0016389354763476317
Mean,5,7,-0.001962825548427343
Mean,5,8,0.0003640427466780503
Mean,5,9,0.0028192608970294395
Mean,5,10,0.004654982523088838
Mean,5,11,0.0002969602580478207
Mean,5,12,0.003135229001168614
Mean,5,13,0.00018065964927777272
Mean,5,14,0.0012134057405702014
Mean,5,15,0.0014332220744242598
Mean,5,16,0.0005143903444457445
Mean,5,17,-0.001071447952890668
Mean,5,18,-0.0032947489802474623
Mean,5,19,-0.001534957383519218
Mean,5,20,-0.002250157730770778
Mean,5,21,0.0012340741052560035
Mean,5,22,0.0038089088619585234
Mean,5,23,8.789663668951932e-05
Mean,6,0,-0.001639948651839856
Mean,6,1,-0.0008197725138844956
Mean,6,2,0.00975491434899571
Mean,6,3,-0.006561319659356703
Mean,6,4,-0.005439502515424696
Mean,6,5,0.0016897520153845106
Mean,6,6,-0.001981420737254768
Mean,6,7,0.0003541560169034565
Mean,6,8,0.00291879226079985
Mean,6,9,0.004586495089873339
Mean,6,10,0.00024174789139203793
Mean,6,11,0.00315214485947912
Mean,6,12,0.00016139542907121426
Mean,6,13,0.0012172347557140731
Mean,6,14,0.0014617801331005013
Mean,6,15,0.000559391846155559
Mean,6,16,-0.0010693344286581549
Mean,6,17,-0.0032657396300435687
Mean,6,18,-0.001534283101282662
Mean,6,19,-0.0022398980175901183
Mean,6,20,0.0012464242309703222
Mean,6,21,0.0038130905287665036
Mean,6,22,7.773516740092364e-05
Mean,6,23,-0.0018499700565785806
Mean,7,0,-0.0008411269604230564
Mean,7,1,0.009774009100431805
Mean,7,2,-0.006511865028082588
Mean,7,3,-0.005384062936375804
Mean,7,4,0.0016628952478925053
Mean,7,5,-0.001930604198217889
Mean,7,6,0.00033556082807603173
Mean,7,7,0.002908905531025256
Mean,7,8,0.00468602645364375
Mean,7,9,0.00017326045817653984
Mean,7,10,0.0030969324928233374
Mean,7,11,0.00017831128738172042
Mean,7,12,0.0011979705355075147
Mean,7,13,0.001465609148244373
Mean,7,14,0.0005879499048318006
Mean,7,15,-0.0010243329269483403
Mean,7,16,-0.0032636261058110556
Mean,7,17,-0.0015052737510787683
Mean,7,18,-0.002239223735353562
Mean,7,19,0.001256683944150982
Mean,7,20,0.0038254406544808222
Mean,7,21,8.19168342089038e-05
Mean,7,22,-0.0018601315258671763
Mean,7,23,-0.0007835965425288813
AR(1),0,0,0.00025811243305071466
AR(1),0,1,0.0025121612003611363
AR(1),0,2,0.003685772356320672
AR(1),0,3,0.0030435375127370245
AR(1),0,4,-0.004840875998205147
AR(1),0,5,0.005831128875311245
AR(1),0,6,-0.003913092952653612
AR(1),0,7,-0.0002333178130443812
AR(1),0,8,0.010016579117868562
AR(1),0,9,-0.010925705869679815
AR(1),0,10,-0.00280460267268106
AR(1),0,11,0.0038774604375292343
AR(1),0,12,-0.002675455489680246
AR(1),0,13,0.0011259858384560905
AR(1),0,14,0.002738129561879466
AR(1),0,15,0.003451860277443134
AR(1),0,16,-0.001717085749261574
AR(1),0,17,0.002939789574476407
AR(1),0,18,-0.001211393673089728
AR(1),0,19,0.001033753423164873
AR(1),0,20,0.0008561610900608791
AR(1),0,21,-0.000125669693256664
AR(1),0,22,-0.0013570693778092082
AR(1),0,23,-0.002902842470761515
AR(1),1,0,0.0020289822795068763
AR(1),1,1,0.004078459099450719
AR(1),1,2,0.0041101205035550484
AR(1),1,3,-0.003627148096582244
AR(1),1,4,0.005204221386648418
AR(1),1,5,-0.0027815618124475954
AR(1),1,6,-0.0006809515346448674
AR(1),1,7,0.00976618586551858
AR(1),1,8,-0.008622258220944583
AR(1),1,9,-0.004412598238789913
AR(1),1,10,0.002559522277896649
AR(1),1,11,-0.0022944131700661195
AR(1),1,12,0.0006470776259840817
AR(1),1,13,0.0028117656570542594
AR(1),1,14,0.0041287795136001875
AR(1),1,15,-0.0006267526830333473
AR(1),1,16,0.002973832184142816
AR(1),1,17,-0.0005019476615114836
AR(1),1,18,0.0010326202458947218
AR(1),1,19,0.0011002573574103308
AR(1),1,20,0.00017498191378957466
AR(1),1,21,-0.0012659965806336116
AR(1),1,22,-0.0031874349227385005
AR(1),1,23,-0.0010341287717514124
AR(1),2,0,0.004252732370079075
AR(1),2,1,0.004585305579914359
AR(1),2,2,-0.0030819069041496602
AR(1),2,3,0.0049267576976127665
AR(1),2,4,-0.0022851794676874183
AR(1),2,5,-0.0008750880325192568
AR(1),2,6,0.00965756405392169
AR(1),2,7,-0.007628849112623165
AR(1),2,8,-0.005061955607722295
AR(1),2,9,0.002020919254908807
AR(1),2,10,-0.0021407533773905073
AR(1),2,11,0.0004545050828608744
AR(1),2,12,0.0028413341656182704
AR(1),2,13,0.004400780319279542
AR(1),2,14,-0.00018581776172556415
AR(1),2,15,0.002987529951912113
AR(1),2,16,-0.0002163698987590265
AR(1),2,17,0.0010321651662128194
AR(1),2,18,0.0011982900849708692
AR(1),2,19,0.00029580008661398306
AR(1),2,20,-0.0012294024621719553
AR(1),2,21,-0.003301742696370056
AR(1),2,22,-0.0013569118344801175
AR(1),2,23,-0.0021732553476825995
AR(1),3,0,0.0047970104905856095
AR(1),3,1,-0.0028369690086561183
AR(1),3,2,0.004803954732062807
AR(1),3,3,-0.002067425467435379
AR(1),3,4,-0.000959284057055072
AR(1),3,5,0.009610443383361053
AR(1),3,6,-0.0072004210313347475
AR(1),3,7,-0.005324185803796257
AR(1),3,8,0.0018008078526769193
AR(1),3,9,-0.002078788260473776
AR(1),3,10,0.0003770702354325556
AR(1),3,11,0.002853207373949383
AR(1),3,12,0.004510076132337296
AR(1),3,13,-7.501969193224843e-06
AR(1),3,14,0.0029930415399983443
AR(1),3,15,-0.00010141448672242731
AR(1),3,16,0.0010319824079433638
AR(1),3,17,0.0012376615009180069
AR(1),3,18,0.00034435140163284386
AR(1),3,19,-0.0012146985160155221
AR(1),3,20,-0.0033476549017775973
AR(1),3,21,-0.0014868255585582506
AR(1),3,22,-0.002234520528565106
AR(1),3,23,0.0013046322388545776
AR(1),4,0,-0.0027269359196645465
AR(1),4,1,0.004749603229708469
AR(1),4,2,-0.0019719007068827567
AR(1),4,3,-0.0009957994502204637
AR(1),4,4,0.009590002207123593
AR(1),4,5,-0.007015652621926237
AR(1),4,6,-0.005430082308591521
AR(1),4,7,0.0017108547196185084
AR(1),4,8,-0.002053800098979831
AR(1),4,9,0.0003459331091371894
AR(1),4,10,0.00285797505020092
AR(1),4,11,0.004553993556486535
AR(1),4,12,6.460962898123968e-05
AR(1),4,13,0.0029952592446451094
AR(1),4,14,-5.5140762083863426e-05
AR(1),4,15,0.0010319090129174311
AR(1),4,16,0.00125347365296412
AR(1),4,17,0.0003638619614679652
AR(1),4,18,-0.0012087902979285685
AR(1),4,19,-0.0033660957351384028
AR(1),4,20,-0.0015391132330141886
AR(1),4,21,-0.0022591903856611865
AR(1),4,22,0.0012690894535881247
AR(1),4,23,0.0037798511171847314
AR(1),5,0,0.004725547737278428
AR(1),5,1,-0.0019299957137801083
AR(1),5,2,-0.0010116359929239257
AR(1),5,3,0.009581134725379394
AR(1),5,4,-0.00693596745046716
AR(1),5,5,-0.005472846528333365
AR(1),5,6,0.0016740934884193186
AR(1),5,7,-0.0020437233292436175
AR(1),5,8,0.00033341263978608603
AR(1),5,9,0.002859889506361847
AR(1),5,10,0.004571640528405625
AR(1),5,11,9.377183899879869e-05
AR(1),5,12,0.002996151585259709
AR(1),5,13,-3.65139088197141e-05
AR(1),5,14,0.0010318795377541583
AR(1),5,15,0.0012598240507416631
AR(1),5,16,0.0003717023658922729
AR(1),5,17,-0.0012064163065801485
AR(1),5,18,-0.0033735025746056517
AR(1),5,19,-0.0015601579757417994
AR(1),5,20,-0.0022691242802547274
AR(1),5,21,0.0012547549729582143
AR(1),5,22,0.003787478877648784
AR(1),5,23,-2.938386975935743e-06
AR(1),6,0,-0.0019116127475546588
AR(1),6,1,-0.0010185042219927635
AR(1),6,2,0.009577287968638475
AR(1),6,3,-0.006901601583646151
AR(1),6,4,-0.005490116017006898
AR(1),6,5,0.0016590702416091965
AR(1),6,6,-0.002039659753444282
AR(1),6,7,0.00032837806622637924
AR(1),6,8,0.002860658254531552
AR(1),6,9,0.004578731463813287
AR(1),6,10,0.00010556514984805601
AR(1),6,11,0.002996510637477787
AR(1),6,12,-2.9015924483371223e-05
AR(1),6,13,0.001031867700640691
AR(1),6,14,0.0012623744658790473
AR(1),6,15,0.00037485306695140153
AR(1),6,16,-0.0012054624090023294
AR(1),6,17,-0.0033764775633070947
AR(1),6,18,-0.001568628063598634
AR(1),6,19,-0.0022731243951078966
AR(1),6,20,0.0012489738465386356
AR(1),6,21,0.0037905460413899233
AR(1),6,22,6.661003880136483e-06
AR(1),6,23,-0.001902991659914326
AR(1),7,0,-0.0010214829384604497
AR(1),7,1,0.009575619226841126
AR(1),7,2,-0.006886780597749599
AR(1),7,3,-0.005497089960196922
AR(1),7,4,0.0016529306772541594
AR(1),7,5,-0.0020380210687557156
AR(1),7,6,0.0003263536268689315
AR(1),7,7,0.002860966944675774
AR(1),7,8,0.00458158075519235
AR(1),7,9,0.00011033441050091637
AR(1),7,10,0.0029966551097714354
AR(1),7,11,-2.5997713714715626e-05
AR(1),7,12,0.001031862946900942
AR(1),7,13,0.001263398750908246
AR(1),7,14,0.00037611919005255384
AR(1),7,15,-0.0012050791217634877
AR(1),7,16,-0.0033776724802231217
AR(1),7,17,-0.001572037104480296
AR(1),7,18,-0.002274735134852301
AR(1),7,19,0.0012466423060006823
AR(1),7,20,0.00379177936452052
AR(1),7,21,1.0531342357738768e-05
AR(1),7,22,-0.0019029563630449655
AR(1),7,23,-0.0008078977937733683
MIDAS,0,0,-0.00211245002691912
MIDAS,0,1,0.00399632433680231
MIDAS,0,2,0.0034919766963006056
MIDAS,0,3,0.004903805828623346
MIDAS,0,4,0.0007366774432364907
MIDAS,0,5,0.005946695503986472
MIDAS,0,6,-0.0019744771236344764
MIDAS,0,7,-4.6508985249236155e-05
MIDAS,0,8,0.010931719425480943
MIDAS,0,9,0.000723661921697101
MIDAS,0,10,-0.0044796487570919405
MIDAS,0,11,0.001301342605424972
MIDAS,0,12,-0.0014311678176004297
MIDAS,0,13,-0.0019523723417640376
MIDAS,0,14,0.0017558128343739799
MIDAS,0,15,0.0036571625342124276
MIDAS,0,16,-0.0036146421359137568
MIDAS,0,17,1.9179543555820824e-05
MIDAS,0,18,0.0018843147823115062
MIDAS,0,19,-0.0011186474277293554
MIDAS,0,20,0.0003828868150878347
MIDAS,0,21,-0.001870732962326703
MIDAS,0,22,-0.0008293332221708501
MIDAS,0,23,-0.005734224805176063
MIDAS,1,0,0.0055210907235762755
MIDAS,1,1,0.009511416273812343
MIDAS,1,2,0.0036727527579186806
MIDAS,1,3,-0.0022077124301353983
MIDAS,1,4,0.008296855991821794
MIDAS,1,5,0.0010542729955231676
MIDAS,1,6,-0.0003095000816614466
MIDAS,1,7,0.013348758950800925
MIDAS,1,8,-0.006205172302937662
MIDAS,1,9,-0.004913390293303696
MIDAS,1,10,0.0077263819957635385
MIDAS,1,11,-0.0016810825097419869
MIDAS,1,12,0.0021030534812299393
MIDAS,1,13,0.004762497583543903
MIDAS,1,14,0.005525783310568527
MIDAS,1,15,0.0008593020954722535
MIDAS,1,16,0.002096379070955308
MIDAS,1,17,0.0014770618535780468
MIDAS,1,18,0.0016919171555341466
MIDAS,1,19,0.0006171413557120734
MIDAS,1,20,0.0004958659573853505
MIDAS,1,21,-0.001545905757150288
MIDAS,1,22,-0.003256651311241732
MIDAS,1,23,-0.003087427041240454
MIDAS,2,0,0.005945640567396319
MIDAS,2,1,0.009680589427897223
MIDAS,2,2,0.0008504225417498307
MIDAS,2,3,0.006367017204238656
MIDAS,2,4,-0.0008943528217377986
MIDAS,2,5,-0.000940971292677761
MIDAS,2,6,0.011815912623674272
MIDAS,2,7,-0.007026515949639704
MIDAS,2,8,-0.005478397211735117
MIDAS,2,9,0.0033750107116232945
MIDAS,2,10,-0.0009839005584768457
MIDAS,2,11,0.004779567438629717
MIDAS,2,12,0.00690761900480966
MIDAS,2,13,0.006807062828634684
MIDAS,2,14,0.0021649648983869283
MIDAS,2,15,0.00482132628831408
MIDAS,2,16,0.0011213000880773384
MIDAS,2,17,0.0013484175932957513
MIDAS,2,18,0.0016393668434979943
MIDAS,2,19,0.00010801823705343556
MIDAS,2,20,-0.002217197205176046
MIDAS,2,21,-0.0014120687856090542
MIDAS,2,22,4.118822631453585e-05
MIDAS,2,23,-0.002823404359963479
MIDAS,3,0,0.009177111873603726
MIDAS,3,1,-0.00026936783280942685
MIDAS,3,2,0.00971343494895209
MIDAS,3,3,0.00015546716313951867
MIDAS,3,4,0.004052565097511258
MIDAS,3,5,0.010278896447980553
MIDAS,3,6,-0.006414825351327003
MIDAS,3,7,-0.001467384297788931
MIDAS,3,8,0.004265358313090677
MIDAS,3,9,0.00016496084941747778
MIDAS,3,10,0.0040223846122332185
MIDAS,3,11,0.0042735037788011795
MIDAS,3,12,0.00942169022932308
MIDAS,3,13,0.003945725664968179
MIDAS,3,14,0.004646638843812827
MIDAS,3,15,0.002270012081138387
MIDAS,3,16,0.0004189870400853274
MIDAS,3,17,0.0012183980070682252
MIDAS,3,18,0.0015083360107399245
MIDAS,3,19,-0.002416760457916632
MIDAS,3,20,-0.004455141431773538
MIDAS,3,21,-0.0031984340133702016
MIDAS,3,22,0.0014635616911986074
MIDAS,3,23,-0.002131914725744627
MIDAS,4,0,0.0013827783988029155
MIDAS,4,1,0.010893983590012653
MIDAS,4,2,0.0069674263394271015
MIDAS,4,3,0.002674078898609847
MIDAS,4,4,0.013298714630926326
MIDAS,4,5,-0.006203066261221533
MIDAS,4,6,-0.002912174883163199
MIDAS,4,7,0.004731694436933791
MIDAS,4,8,0.003137132518290028
MIDAS,4,9,0.002739290181415035
MIDAS,4,10,0.004492221019142472
MIDAS,4,11,0.009740537576010976
MIDAS,4,12,0.006242689119506464
MIDAS,4,13,0.00853372043089751
MIDAS,4,14,0.0028830065680762454
MIDAS,4,15,0.004535636828797413
MIDAS,4,16,0.0003603600897067582
MIDAS,4,17,-0.0003500608755336084
MIDAS,4,18,-0.0004746037120222854
MIDAS,4,19,-0.003532152178999373
MIDAS,4,20,-0.002145384389378148
MIDAS,4,21,-0.0018682838635201322
MIDAS,4,22,0.002710018971737018
MIDAS,4,23,0.00036903131199535286
MIDAS,5,0,0.011164865637306844
MIDAS,5,1,0.00326366654466303
MIDAS,5,2,6.452533640276172e-05
MIDAS,5,3,0.006877630609570192
MIDAS,5,4,-0.01084568043435729
MIDAS,5,5,-0.0048255052627323505
MIDAS,5,6,0.003344650830404111
MIDAS,5,7,-0.0014065267666969168
MIDAS,5,8,0.0028369103709007778
MIDAS,5,9,0.001846296931916153
MIDAS,5,10,0.006798258338082574
MIDAS,5,11,0.006564762687846997
MIDAS,5,12,0.005899127737783463
MIDAS,5,13,0.0027161751562824335
MIDAS,5,14,0.0016711723782684143
MIDAS,5,15,-0.0011299369962254942
MIDAS,5,16,-0.0035627730968680734
MIDAS,5,17,-0.0029175852499731068
MIDAS,5,18,-0.004843252090992124
MIDAS,5,19,-0.002193803009913572
MIDAS,5,20,-0.0002377832864240842
MIDAS,5,21,0.0018603650686371707
MIDAS,5,22,0.0033582200365730895
MIDAS,5,23,-0.004211699881364856
MIDAS,6,0,0.006819751037316453
MIDAS,6,1,0.00039968749259721315
MIDAS,6,2,0.01909452804703167
MIDAS,6,3,-0.009414081601192162
MIDAS,6,4,-0.004777207974421459
MIDAS,6,5,0.004616977005779822
MIDAS,6,6,0.00016240761225637043
MIDAS,6,7,0.004523441423147894
MIDAS,6,8,0.005619972084917702
MIDAS,6,9,0.007231690851721734
MIDAS,6,10,0.003556319746411866
MIDAS,6,11,0.004708180200490348
MIDAS,6,12,0.003990265304755248
MIDAS,6,13,0.003001625745727466
MIDAS,6,14,-0.0009978565085977564
MIDAS,6,15,-0.0007220272797583208
MIDAS,6,16,-0.004657683900599803
MIDAS,6,17,-0.005979970444968252
MIDAS,6,18,-0.004008983539942356
MIDAS,6,19,-0.001569267814056777
MIDAS,6,20,0.001151395399606305
MIDAS,6,21,0.003273914191721499
MIDAS,6,22,0.0004605850727378265
MIDAS,6,23,-0.005850626868003796
MIDAS,7,0,-0.0007293497965012901
MIDAS,7,1,0.009687345939274495
MIDAS,7,2,-0.007437148911787804
MIDAS,7,3,-0.007850169745716774
MIDAS,7,4,-0.00030497994347744237
MIDAS,7,5,-0.0036527464606272925
MIDAS,7,6,-0.00045251315288200814
MIDAS,7,7,-0.0004102954207475572
MIDAS,7,8,0.004857447164764992
MIDAS,7,9,0.0013054680556486157
MIDAS,7,10,0.0027286934562000442
MIDAS,7,11,-0.0011311925199251546
MIDAS,7,12,0.0047547040145013856
MIDAS,7,13,-7.431046911861392e-05
MIDAS,7,14,-0.003887850176462893
MIDAS,7,15,-0.0005980450016253311
MIDAS,7,16,-0.007242812841346602
MIDAS,7,17,-0.00498535024674704
MIDAS,7,18,-0.002880892534798711
MIDAS,7,19,0.0019198774013466343
MIDAS,7,20,0.0012477344130521774
MIDAS,7,21,-0.0015128352020647813
MIDAS,7,22,-0.001992787601704479
MIDAS,7,23,-0.004278732112140289
DFM [A],0,0,-0.003139158347689499
DFM [A],0,1,0.0029792722465595
DFM [A],0,2,0.0044396757852466
DFM [A],0,3,0.0066323458653789
DFM [A],0,4,-0.0007683465930424013
DFM [A],0,5,0.0072110955573856
DFM [A],0,6,-0.0011807378665947997
DFM [A],0,7,0.0016358150802242002
DFM [A],0,8,0.0118999372348908
DFM [A],0,9,-0.004441127573635099
DFM [A],0,10,-0.0020118531557048007
DFM [A],0,11,0.0044254578360482
DFM [A],0,12,3.36008072334016e-05
DFM [A],0,13,0.0011701433222532
DFM [A],0,14,0.0046066661967969005
DFM [A],0,15,0.0047206517840808
DFM [A],0,16,0.0016739683179840007
DFM [A],0,17,0.004458653734659
DFM [A],0,18,0.0005578306663578001
DFM [A],0,19,0.0021084283612738007
DFM [A],0,20,0.0030937481676936007
DFM [A],0,21,0.0019269055752798997
DFM [A],0,22,0.0006446023109233003
DFM [A],0,23,-0.0026493788996267004
DFM [A],1,0,0.0009581557903932999
DFM [A],1,1,0.0052524770570689
DFM [A],1,2,0.0052679553554873
DFM [A],1,3,-0.000636841173357201
DFM [A],1,4,0.0065882797893426995
DFM [A],1,5,0.0008044749672634008
DFM [A],1,6,1.5933828928001853e-06
DFM [A],1,7,0.0125066496692416
DFM [A],1,8,-0.0040982880000627
DFM [A],1,9,-0.0031805938647896
DFM [A],1,10,0.0048312983628857
DFM [A],1,11,0.0006009172535979008
DFM [A],1,12,0.002149815785048601
DFM [A],1,13,0.003783080648272
DFM [A],1,14,0.0065591870787731
DFM [A],1,15,0.0005685995141352
DFM [A],1,16,0.0044900586650920005
DFM [A],1,17,0.0015209035385166
DFM [A],1,18,0.0014387160612957008
DFM [A],1,19,0.0020892032102609003
DFM [A],1,20,0.0020241153814278
DFM [A],1,21,0.00010849597763499998
DFM [A],1,22,-0.002010477591856401
DFM [A],1,23,-0.0010434123182991003
DFM [A],2,0,0.0041010364009987
DFM [A],2,1,0.0055568257499875
DFM [A],2,2,-0.0021479295856565005
DFM [A],2,3,0.006581403136758699
DFM [A],2,4,1.1638626425199486e-05
DFM [A],2,5,0.0014423970129448004
DFM [A],2,6,0.010878600942459401
DFM [A],2,7,-0.0038017830571420996
DFM [A],2,8,-0.002958351957301701
DFM [A],2,9,0.0037824878787654
DFM [A],2,10,0.0007349318878146008
DFM [A],2,11,0.002558001812967901
DFM [A],2,12,0.004472656943318399
DFM [A],2,13,0.0055213106485248
DFM [A],2,14,0.002111243990662
DFM [A],2,15,0.0036932704025894
DFM [A],2,16,0.0014415312414899004
DFM [A],2,17,0.0024608651477641
DFM [A],2,18,0.0015891303172455
DFM [A],2,19,0.0009437635168404995
DFM [A],2,20,0.00010711097573160022
DFM [A],2,21,-0.0024117645689627
DFM [A],2,22,-0.0007391362072984003
DFM [A],2,23,-0.0020067159504149005
DFM [A],3,0,0.0049384058113983
DFM [A],3,1,-0.002186748643111301
DFM [A],3,2,0.0051573129213239
DFM [A],3,3,-8.819666560249979e-05
DFM [A],3,4,0.0006205946389248995
DFM [A],3,5,0.0117387616104199
DFM [A],3,6,-0.0052189668934244995
DFM [A],3,7,-0.0028562888284087012
DFM [A],3,8,0.0039249258825422
DFM [A],3,9,-9.662929628589945e-05
DFM [A],3,10,0.0024964497904612004
DFM [A],3,11,0.0046892232257142
DFM [A],3,12,0.0059921119479976
DFM [A],3,13,0.0010300035702333005
DFM [A],3,14,0.0048060079005985
DFM [A],3,15,0.0009363179367843002
DFM [A],3,16,0.0023659006656221006
DFM [A],3,17,0.0025420808316162008
DFM [A],3,18,0.0006497134491160999
DFM [A],3,19,-0.0008838657389354998
DFM [A],3,20,-0.0024588845352188004
DFM [A],3,21,-0.0009853079823802999
DFM [A],3,22,-0.00188483823482
DFM [A],3,23,0.0012262063482215
DFM [A],4,0,-0.002505814457854901
DFM [A],4,1,0.0049440959270553
DFM [A],4,2,-0.0013276087277902995
DFM [A],4,3,0.0004664353430052998
DFM [A],4,4,0.0109712275052452
DFM [A],4,5,-0.0048927357072751
DFM [A],4,6,-0.0039805410519867
DFM [A],4,7,0.0039074690768709005
DFM [A],4,8,-1.5455105773599237e-05
DFM [A],4,9,0.0019067218868186004
DFM [A],4,10,0.0044948272932056
DFM [A],4,11,0.006025440075001401
DFM [A],4,12,0.0013291875861330005
DFM [A],4,13,0.0037815248245009997
DFM [A],4,14,0.0016051710085190005
DFM [A],4,15,0.0021156862767128005
DFM [A],4,16,0.0024733163119117
DFM [A],4,17,0.0014697028954779
DFM [A],4,18,-0.0009803585304088997
DFM [A],4,19,-0.0032793355017015
DFM [A],4,20,-0.0010524417174989
DFM [A],4,21,-0.0019893783719718006
DFM [A],4,22,0.0012525469221503
DFM [A],4,23,0.0035821933553682
DFM [A],5,0,0.0047904866305266
DFM [A],5,1,-0.0016169789470742001
DFM [A],5,2,-0.0005513930620090002
DFM [A],5,3,0.0107938867325182
DFM [A],5,4,-0.005558530667908199
DFM [A],5,5,-0.004101739839724201
DFM [A],5,6,0.0030910328177437005
DFM [A],5,7,-0.00010159553700660011
DFM [A],5,8,0.0019357795901698005
DFM [A],5,9,0.004134390905404101
DFM [A],5,10,0.0057489947152907
DFM [A],5,11,0.0012076210967872005
DFM [A],5,12,0.003944374889234499
DFM [A],5,13,0.0006936372240090999
DFM [A],5,14,0.0023867730893900006
DFM [A],5,15,0.0024317589550945
DFM [A],5,16,0.0014417974019926994
DFM [A],5,17,-0.0003188317557201994
DFM [A],5,18,-0.0032086371369756004
DFM [A],5,19,-0.0016725116875394002
DFM [A],5,20,-0.0020640100217453007
DFM [A],5,21,0.0012622556806141999
DFM [A],5,22,0.0035627664577040996
DFM [A],5,23,-0.0003143092497777996
DFM [A],6,0,-0.0016805234357753999
DFM [A],6,1,-0.0008591578132734999
DFM [A],6,2,0.010004236787091999
DFM [A],6,3,-0.005734970108464
DFM [A],6,4,-0.004641820676731901
DFM [A],6,5,0.0026238759706815
DFM [A],6,6,-0.0006317636240536989
DFM [A],6,7,0.0018163868382633005
DFM [A],6,8,0.004117430867562
DFM [A],6,9,0.0055876595280255
DFM [A],6,10,0.000889243531718
DFM [A],6,11,0.0037041164800532002
DFM [A],6,12,0.0007490624458562
DFM [A],6,13,0.0016158915556693
DFM [A],6,14,0.0023779081218021003
DFM [A],6,15,0.0015596339960677998
DFM [A],6,16,-0.00030467537194889954
DFM [A],6,17,-0.0027081724973069005
DFM [A],6,18,-0.0014735149040634998
DFM [A],6,19,-0.0024848820376053007
DFM [A],6,20,0.0011865185661436
DFM [A],6,21,0.0036559926005705
DFM [A],6,22,-0.0003512076081618994
DFM [A],6,23,-0.0023581822851868996
DFM [A],7,0,-0.0008748567570401999
DFM [A],7,1,0.0097095335565161
DFM [A],7,2,-0.006306695287802799
DFM [A],7,3,-0.0047997400424226
DFM [A],7,4,0.0022173921775794003
DFM [A],7,5,-0.001342978445697099
DFM [A],7,6,0.0015323633668925
DFM [A],7,7,0.0039895095913547
DFM [A],7,8,0.005530570474084199
DFM [A],7,9,0.0008900071684840001
DFM [A],7,10,0.0033744083547769996
DFM [A],7,11,0.0004271633338263003
DFM [A],7,12,0.0015887057018261009
DFM [A],7,13,0.0017564010778286007
DFM [A],7,14,0.0012615079010010995
DFM [A],7,15,-7.494463414039945e-05
DFM [A],7,16,-0.0026570538230499003
DFM [A],7,17,-0.0011232089455298
DFM [A],7,18,-0.0021972971592205005
DFM [A],7,19,0.0009456675750174996
DFM [A],7,20,0.0035828417387128
DFM [A],7,21,-0.00020321239803559963
DFM [A],7,22,-0.0023969420756833
DFM [A],7,23,-0.0013446764576601003
DFM [B],0,0,-0.005334412581583499
DFM [B],0,1,-0.00046447638878200064
DFM [B],0,2,0.0025655616242858
DFM [B],0,3,0.0042301756403934
DFM [B],0,4,-0.002619991781553901
DFM [B],0,5,0.0043330472359704
DFM [B],0,6,-0.0027837400796072
DFM [B],0,7,-0.0010371476672226005
DFM [B],0,8,0.0097899404499424
DFM [B],0,9,-0.005672669542763399
DFM [B],0,10,-0.005619658173479301
DFM [B],0,11,0.0013392443287036006
DFM [B],0,12,-0.0024996619920189993
DFM [B],0,13,-0.0008360121796053997
DFM [B],0,14,0.0033066560950514
DFM [B],0,15,0.0038588483303679
DFM [B],0,16,0.0001727966787816006
DFM [B],0,17,0.0031982012424121996
DFM [B],0,18,-0.00019544422386310028
DFM [B],0,19,0.0008687046989602001
DFM [B],0,20,0.0026075148370739007
DFM [B],0,21,0.0014218502907533993
DFM [B],0,22,-0.0002393301649517999
DFM [B],0,23,-0.0026489917878395
DFM [B],1,0,-0.0013283946545786002
DFM [B],1,1,0.0024259059497519003
DFM [B],1,2,0.0035247631141915
DFM [B],1,3,-0.0036112176137448005
DFM [B],1,4,0.0041511377241027
DFM [B],1,5,-0.0023428325341062995
DFM [B],1,6,-0.0021610126462959
DFM [B],1,7,0.009103542673442499
DFM [B],1,8,-0.006702587607736599
DFM [B],1,9,-0.005553345605547801
DFM [B],1,10,0.0010808858235282007
DFM [B],1,11,-0.0024465447729775996
DFM [B],1,12,-0.00020589764419510007
DFM [B],1,13,0.0019650704940652
DFM [B],1,14,0.004993402923799701
DFM [B],1,15,2.7307377271100497e-05
DFM [B],1,16,0.0030196128333176996
DFM [B],1,17,0.00017527644950190036
DFM [B],1,18,0.0008611949320940001
DFM [B],1,19,0.0009355490137483002
DFM [B],1,20,0.0009842882681484
DFM [B],1,21,-0.0007298931813637995
DFM [B],1,22,-0.0029952505890253004
DFM [B],1,23,-0.0013356595108451998
DFM [B],2,0,0.0017538891842221
DFM [B],2,1,0.0030270011587198997
DFM [B],2,2,-0.0038251308190625005
DFM [B],2,3,0.0035297476722532996
DFM [B],2,4,-0.0025292785956624996
DFM [B],2,5,-0.0016694049894754003
DFM [B],2,6,0.008441950703220399
DFM [B],2,7,-0.0073447515833765
DFM [B],2,8,-0.0056772113116498
DFM [B],2,9,0.0012388173477081007
DFM [B],2,10,-0.0027487849379887993
DFM [B],2,11,-0.00024410832648059932
DFM [B],2,12,0.0023443086943922002
DFM [B],2,13,0.0037730268583775002
DFM [B],2,14,0.00048090314632070075
DFM [B],2,15,0.0031313456750389
DFM [B],2,16,0.00010871489206330017
DFM [B],2,17,0.0011614665807202001
DFM [B],2,18,0.0011486119797878003
DFM [B],2,19,-2.9891468866000484e-05
DFM [B],2,20,-0.0008696726702983994
DFM [B],2,21,-0.0031911138066211004
DFM [B],2,22,-0.0015295839977136003
DFM [B],2,23,-0.0023259927811400006
DFM [B],3,0,0.0025937981163310997
DFM [B],3,1,-0.004515910416905701
DFM [B],3,2,0.0035814187131359993
DFM [B],3,3,-0.0029799086843161
DFM [B],3,4,-0.0018181257627116
DFM [B],3,5,0.008875999043279799
DFM [B],3,6,-0.0077954763184726
DFM [B],3,7,-0.0062409736717432005
DFM [B],3,8,0.0013578627202368004
DFM [B],3,9,-0.002539108672115399
DFM [B],3,10,-0.0005344299739041998
DFM [B],3,11,0.0022608520766106
DFM [B],3,12,0.0041236744688354
DFM [B],3,13,-0.0005953025598409
DFM [B],3,14,0.0032919935197827
DFM [B],3,15,0.0003077588426682997
DFM [B],3,16,0.0011955027301690001
DFM [B],3,17,0.0013899389970909006
DFM [B],3,18,0.00029980302326239935
DFM [B],3,19,-0.0016630390671999997
DFM [B],3,20,-0.003211881286732301
DFM [B],3,21,-0.0015812313968745998
DFM [B],3,22,-0.0024110215339191
DFM [B],3,23,0.0010024822022922002
DFM [B],4,0,-0.004811084827871401
DFM [B],4,1,0.0027608587039933
DFM [B],4,2,-0.0027750611914557997
DFM [B],4,3,-0.0021535507006441006
DFM [B],4,4,0.0087433070267627
DFM [B],4,5,-0.0073992555909728
DFM [B],4,6,-0.0065776977628891
DFM [B],4,7,0.0008468136686823006
DFM [B],4,8,-0.002283808953251299
DFM [B],4,9,-0.0002927689474260999
DFM [B],4,10,0.0019780263020844004
DFM [B],4,11,0.0040149040703743
DFM [B],4,12,-0.00026865255120959997
DFM [B],4,13,0.0023068372776523997
DFM [B],4,14,0.00030362407376700006
DFM [B],4,15,0.0014358248565616008
DFM [B],4,16,0.0014853247020849003
DFM [B],4,17,0.0005126030119116994
DFM [B],4,18,-0.0012665171288534002
DFM [B],4,19,-0.0038818243792554004
DFM [B],4,20,-0.0015306871519071
DFM [B],4,21,-0.0023706944354601007
DFM [B],4,22,0.0009794178726167
DFM [B],4,23,0.0034825833063107997
DFM [B],5,0,0.0025442965301062997
DFM [B],5,1,-0.0036842533722568002
DFM [B],5,2,-0.0018566830869656999
DFM [B],5,3,0.008489871816418401
DFM [B],5,4,-0.007525248462146099
DFM [B],5,5,-0.006210064027306701
DFM [B],5,6,0.0005710543794458
DFM [B],5,7,-0.0027566295908306995
DFM [B],5,8,3.636630200820005e-05
DFM [B],5,9,0.0022405625418637997
DFM [B],5,10,0.0037368979487361997
DFM [B],5,11,-0.0003910679451011997
DFM [B],5,12,0.0026118098947478002
DFM [B],5,13,-0.0006192923479903002
DFM [B],5,14,0.0013409971416123
DFM [B],5,15,0.0017403766289301008
DFM [B],5,16,0.0006465649969786
DFM [B],5,17,-0.0010660954222706
DFM [B],5,18,-0.003447578743018
DFM [B],5,19,-0.0021309761787865
DFM [B],5,20,-0.0022764955459454
DFM [B],5,21,0.0010789784856201
DFM [B],5,22,0.0034944271303693998
DFM [B],5,23,-0.0003064012494498995
DFM [B],6,0,-0.0038571220295753996
DFM [B],6,1,-0.0028266520265999
DFM [B],6,2,0.008844178086051799
DFM [B],6,3,-0.0077166523253006
DFM [B],6,4,-0.0063328460117125
DFM [B],6,5,0.0009144468668963006
DFM [B],6,6,-0.0030002755591073994
DFM [B],6,7,-0.0004064072865873
DFM [B],6,8,0.0026068551713423
DFM [B],6,9,0.0040139714309639
DFM [B],6,10,-0.0006658101217955001
DFM [B],6,11,0.0024825440845224994
DFM [B],6,12,-0.0003348375884393998
DFM [B],6,13,0.0004649169454024006
DFM [B],6,14,0.0015976409324881006
DFM [B],6,15,0.0009012261038575994
DFM [B],6,16,-0.0009069948150271998
DFM [B],6,17,-0.0032512054998787
DFM [B],6,18,-0.0016762109405964003
DFM [B],6,19,-0.0028365346455574
DFM [B],6,20,0.0012005952140632
DFM [B],6,21,0.0036325966432035
DFM [B],6,22,-0.0002752530320723999
DFM [B],6,23,-0.0022774126248355994
DFM [B],7,0,-0.0029762516387571002
DFM [B],7,1,0.0078332071245063
DFM [B],7,2,-0.007325544771000899
DFM [B],7,3,-0.006474420601533801
DFM [B],7,4,0.0007940660443730005
DFM [B],7,5,-0.0026789868320010995
DFM [B],7,6,-0.0006334649073145996
DFM [B],7,7,0.0021894797858313
DFM [B],7,8,0.0043957440492805
DFM [B],7,9,-0.00037791114160679994
DFM [B],7,10,0.0022102186904905
DFM [B],7,11,-0.0004670247279320002
DFM [B],7,12,0.0007294534215591007
DFM [B],7,13,0.0007603235389569999
DFM [B],7,14,0.0007352406732344993
DFM [B],7,15,-0.0006611480430342995
DFM [B],7,16,-0.0030750940776132
DFM [B],7,17,-0.0014798246349400001
DFM [B],7,18,-0.0023715911318535005
DFM [B],7,19,0.0006649762500410003
DFM [B],7,20,0.0037719154876805
DFM [B],7,21,-0.00011159002811679964
DFM [B],7,22,-0.0022359590570713
DFM [B],7,23,-0.0012291672578348001
singleESN [A],0,0,-0.001807805631170509
singleESN [A],0,1,0.003955572743287701
singleESN [A],0,2,0.0015775266312756534
singleESN [A],0,3,0.005588624392537949
singleESN [A],0,4,-0.001243793854084933
singleESN [A],0,5,0.005853467993793239
singleESN [A],0,6,-0.0005854418619586346
singleESN [A],0,7,0.0013119071175651852
singleESN [A],0,8,0.010508989684675533
singleESN [A],0,9,-0.0012314429576984962
singleESN [A],0,10,-0.003283352834726156
singleESN [A],0,11,0.002074365711052655
singleESN [A],0,12,-0.00047840023806385284
singleESN [A],0,13,-0.0011031074577376992
singleESN [A],0,14,0.0026291502342333877
singleESN [A],0,15,0.004427346556413223
singleESN [A],0,16,0.00013909548909816442
singleESN [A],0,17,0.00189637647089104
singleESN [A],0,18,0.0012941669813703663
singleESN [A],0,19,0.00045396757525808205
singleESN [A],0,20,0.0016950454493854412
singleESN [A],0,21,-0.00011225989513318716
singleESN [A],0,22,-0.001428729555740942
singleESN [A],0,23,-0.004331028710032817
singleESN [A],1,0,-0.008063620905576802
singleESN [A],1,1,0.007700754585861172
singleESN [A],1,2,-0.004301810935560361
singleESN [A],1,3,0.00595841239254361
singleESN [A],1,4,0.013832637553732834
singleESN [A],1,5,0.002282083406191182
singleESN [A],1,6,0.0011347892968286899
singleESN [A],1,7,0.01563157987264696
singleESN [A],1,8,-0.0031907025925102216
singleESN [A],1,9,0.004448474031677373
singleESN [A],1,10,0.0107776045858226
singleESN [A],1,11,0.005488974058423888
singleESN [A],1,12,-0.0002325803790514929
singleESN [A],1,13,0.0028324947577390565
singleESN [A],1,14,0.004612797114166893
singleESN [A],1,15,0.00015032057819653472
singleESN [A],1,16,0.002814562427674076
singleESN [A],1,17,-0.00023028550851243463
singleESN [A],1,18,0.0008891481164556934
singleESN [A],1,19,0.001046702519864053
singleESN [A],1,20,0.00015059611357560142
singleESN [A],1,21,-0.001765006971949869
singleESN [A],1,22,-0.003809434638324844
singleESN [A],1,23,-0.0019493343812461324
singleESN [A],2,0,-0.007875168445646072
singleESN [A],2,1,0.01540835589964761
singleESN [A],2,2,-0.014526526675238322
singleESN [A],2,3,0.01625923731749222
singleESN [A],2,4,0.009852774185854113
singleESN [A],2,5,0.00816747163293853
singleESN [A],2,6,0.014517778723063422
singleESN [A],2,7,0.003693039890360277
singleESN [A],2,8,0.0036812415078573447
singleESN [A],2,9,0.013562304761532917
singleESN [A],2,10,0.008984969970526049
singleESN [A],2,11,-0.0003029204904465999
singleESN [A],2,12,0.002832488621080568
singleESN [A],2,13,0.004612876530036966
singleESN [A],2,14,0.00015018823241206604
singleESN [A],2,15,0.002783753887282732
singleESN [A],2,16,-0.00028451829966223783
singleESN [A],2,17,0.0008848662490562233
singleESN [A],2,18,0.0010285836178862062
singleESN [A],2,19,0.00011967212616112357
singleESN [A],2,20,-0.0018911529744325157
singleESN [A],2,21,-0.004170485773024269
singleESN [A],2,22,-0.002276908142761322
singleESN [A],2,23,-0.002735604098922449
singleESN [A],3,0,-0.00675647866852992
singleESN [A],3,1,0.009496549121571244
singleESN [A],3,2,-0.007088215116519782
singleESN [A],3,3,0.010154580146717948
singleESN [A],3,4,0.010546124869019846
singleESN [A],3,5,0.01939708905711108
singleESN [A],3,6,0.0033761872384787846
singleESN [A],3,7,0.005795636709288895
singleESN [A],3,8,0.012862420028437297
singleESN [A],3,9,0.009809099736752884
singleESN [A],3,10,-0.00032960222777779664
singleESN [A],3,11,0.0028324894453569606
singleESN [A],3,12,0.004612876762651971
singleESN [A],3,13,0.0001501886492245811
singleESN [A],3,14,0.0027837495487617295
singleESN [A],3,15,-0.0002862511748113134
singleESN [A],3,16,0.0008849036721831124
singleESN [A],3,17,0.0010282333622177748
singleESN [A],3,18,0.0001192077690935758
singleESN [A],3,19,-0.0019274985649583081
singleESN [A],3,20,-0.004205578472300858
singleESN [A],3,21,-0.002331875142554423
singleESN [A],3,22,-0.0027480859686129424
singleESN [A],3,23,0.000812487531274008
singleESN [A],4,0,-0.014943134848438792
singleESN [A],4,1,0.017015183189762074
singleESN [A],4,2,-0.013781361263806129
singleESN [A],4,3,0.0104970702369706
singleESN [A],4,4,0.020305992727776168
singleESN [A],4,5,0.0050795761327174956
singleESN [A],4,6,0.004487949517602185
singleESN [A],4,7,0.013578313476229877
singleESN [A],4,8,0.009444260415275055
singleESN [A],4,9,-0.00033421773081982256
singleESN [A],4,10,0.0028324894710408124
singleESN [A],4,11,0.004612876762746807
singleESN [A],4,12,0.00015018865008978484
singleESN [A],4,13,0.002783747094598744
singleESN [A],4,14,-0.00028623164172776345
singleESN [A],4,15,0.0008849034226360505
singleESN [A],4,16,0.001028225745868484
singleESN [A],4,17,0.00011919937255844802
singleESN [A],4,18,-0.0019319002360632161
singleESN [A],4,19,-0.004214797849699893
singleESN [A],4,20,-0.002336514042714501
singleESN [A],4,21,-0.0027489788976601407
singleESN [A],4,22,0.0008117196697442382
singleESN [A],4,23,0.0033151877197673775
singleESN [A],5,0,-0.007660137290687555
singleESN [A],5,1,0.010376531573323822
singleESN [A],5,2,-0.012648100827676877
singleESN [A],5,3,0.020041255743755607
singleESN [A],5,4,0.004964670470436278
singleESN [A],5,5,0.006414490070692565
singleESN [A],5,6,-0.01034042321621979
singleESN [A],5,7,0.00971393205080206
singleESN [A],5,8,-0.00033465604067744494
singleESN [A],5,9,0.0028324894712264
singleESN [A],5,10,0.004612876762747907
singleESN [A],5,11,0.0001501886500901604
singleESN [A],5,12,0.0027837470459721003
singleESN [A],5,13,-0.0002862352343960175
singleESN [A],5,14,0.0008849033878646113
singleESN [A],5,15,0.0010282255734506938
singleESN [A],5,16,0.0001191989424281139
singleESN [A],5,17,-0.001932574129592214
singleESN [A],5,18,-0.00421621727189381
singleESN [A],5,19,-0.002337475266619266
singleESN [A],5,20,-0.002749031282842029
singleESN [A],5,21,0.0008116670411723818
singleESN [A],5,22,0.003314993282829303
singleESN [A],5,23,-0.0005326520679450062
singleESN [A],6,0,-0.014389480566627661
singleESN [A],6,1,0.010275450143170644
singleESN [A],6,2,-0.0016676333255257123
singleESN [A],6,3,0.004821262828839164
singleESN [A],6,4,0.00610348791989402
singleESN [A],6,5,0.013775737669408383
singleESN [A],6,6,-0.01402596087234843
singleESN [A],6,7,-0.00033471539764493366
singleESN [A],6,8,0.002832489471227126
singleESN [A],6,9,0.00461287676274791
singleESN [A],6,10,0.00015018865009016474
singleESN [A],6,11,0.002783747046159042
singleESN [A],6,12,-0.00028623540423602847
singleESN [A],6,13,0.0008849033899534994
singleESN [A],6,14,0.0010282255783086603
singleESN [A],6,15,0.00011919893585275385
singleESN [A],6,16,-0.0019328446490358689
singleESN [A],6,17,-0.004216451774279758
singleESN [A],6,18,-0.00233761665034413
singleESN [A],6,19,-0.002749037171650085
singleESN [A],6,20,0.0008116636511941106
singleESN [A],6,21,0.0033149758442097355
singleESN [A],6,22,-0.0005327419583759652
singleESN [A],6,23,-0.002265088751892824
singleESN [A],7,0,-0.013093572610889042
singleESN [A],7,1,0.019621122873051483
singleESN [A],7,2,-0.019449878756134405
singleESN [A],7,3,0.005962526984124417
singleESN [A],7,4,0.013357416491478362
singleESN [A],7,5,0.009546921120493114
singleESN [A],7,6,-0.00033472487907659516
singleESN [A],7,7,0.0028324894712271303
singleESN [A],7,8,0.00461287676274791
singleESN [A],7,9,0.00015018865009016474
singleESN [A],7,10,0.0027837470461650215
singleESN [A],7,11,-0.00028623540723946624
singleESN [A],7,12,0.0008849033899964269
singleESN [A],7,13,0.0010282255777744626
singleESN [A],7,14,0.00011919893656470257
singleESN [A],7,15,-0.0019328691376010714
singleESN [A],7,16,-0.004216572982590153
singleESN [A],7,17,-0.002337635124606376
singleESN [A],7,18,-0.0027490377627683513
singleESN [A],7,19,0.0008116633408658241
singleESN [A],7,20,0.0033149745443426196
singleESN [A],7,21,-0.0005327524181501057
singleESN [A],7,22,-0.0022650891895590174
singleESN [A],7,23,-0.0010668474185566547
singleESN [B],0,0,-0.0024575901104764483
singleESN [B],0,1,0.004303394278274431
singleESN [B],0,2,0.0005710417080874311
singleESN [B],0,3,0.005615834580150949
singleESN [B],0,4,-0.0015313310786515032
singleESN [B],0,5,0.005747981168436718
singleESN [B],0,6,-0.001347720109273873
singleESN [B],0,7,0.0010586782080534264
singleESN [B],0,8,0.010090468486064772
singleESN [B],0,9,-0.0015263106484228947
singleESN [B],0,10,-0.0034273775099737704
singleESN [B],0,11,0.0015050977370358208
singleESN [B],0,12,-0.0005714907257852522
singleESN [B],0,13,-0.0015758882947059984
singleESN [B],0,14,0.0026351101226244696
singleESN [B],0,15,0.00424630242102534
singleESN [B],0,16,-0.00011248366692752192
singleESN [B],0,17,0.0022769349817754803
singleESN [B],0,18,0.0006880313682317138
singleESN [B],0,19,0.0008940438507067921
singleESN [B],0,20,0.001885644865085071
singleESN [B],0,21,0.0007953877232170095
singleESN [B],0,22,-0.0006304447779283606
singleESN [B],0,23,-0.0034698057650895658
singleESN [B],1,0,-0.0035493107419162307
singleESN [B],1,1,0.004777966305261619
singleESN [B],1,2,-0.0007288666058211544
singleESN [B],1,3,-0.0017808413606928766
singleESN [B],1,4,0.0070715970789219686
singleESN [B],1,5,-0.0012228360171267659
singleESN [B],1,6,-0.001870962177988115
singleESN [B],1,7,0.012194634910106302
singleESN [B],1,8,-0.005877758179549342
singleESN [B],1,9,-0.0021441702496870566
singleESN [B],1,10,0.006434307024445708
singleESN [B],1,11,-0.0001810358789655648
singleESN [B],1,12,-0.0007818007718328138
singleESN [B],1,13,0.0027508727475137862
singleESN [B],1,14,0.004581969026186378
singleESN [B],1,15,0.00011497521375782027
singleESN [B],1,16,0.0025197279509812953
singleESN [B],1,17,-0.0007140092050716435
singleESN [B],1,18,0.0007829384301374833
singleESN [B],1,19,0.0008668874716164206
singleESN [B],1,20,0.00015387841194020382
singleESN [B],1,21,-0.0012034948982718634
singleESN [B],1,22,-0.0030379984470606212
singleESN [B],1,23,-0.0023486339320439075
singleESN [B],2,0,-0.0027039254460271417
singleESN [B],2,1,-0.0005873036365918764
singleESN [B],2,2,-0.012852107933428985
singleESN [B],2,3,0.004524489407420659
singleESN [B],2,4,0.00033010671564827343
singleESN [B],2,5,0.002059577810602218
singleESN [B],2,6,0.004098306352321859
singleESN [B],2,7,-0.004552200998990149
singleESN [B],2,8,-0.006016515883255155
singleESN [B],2,9,0.005178866205210051
singleESN [B],2,10,0.002026987623187681
singleESN [B],2,11,-0.0015094127300356837
singleESN [B],2,12,0.0027556684106005438
singleESN [B],2,13,0.004582019688633464
singleESN [B],2,14,0.00011529631815184686
singleESN [B],2,15,0.002477281843859934
singleESN [B],2,16,-0.0006594249225088007
singleESN [B],2,17,0.0007250641383676308
singleESN [B],2,18,0.0007905984508861843
singleESN [B],2,19,-0.00015113264911103576
singleESN [B],2,20,-0.002173018714028003
singleESN [B],2,21,-0.00448801371115942
singleESN [B],2,22,-0.0022917857968761885
singleESN [B],2,23,-0.0036429068630609825
singleESN [B],3,0,-0.006510875873397603
singleESN [B],3,1,-0.013082581636844864
singleESN [B],3,2,-0.0067544830075697455
singleESN [B],3,3,-0.00627927832474079
singleESN [B],3,4,0.0045647622730366775
singleESN [B],3,5,0.0020343389741506413
singleESN [B],3,6,-0.016755441319951967
singleESN [B],3,7,-4.0498159687825386e-05
singleESN [B],3,8,-0.0031208324372426696
singleESN [B],3,9,-0.00044834498352849025
singleESN [B],3,10,-0.0017984388610071608
singleESN [B],3,11,0.0027556719402779925
singleESN [B],3,12,0.004582019772579507
singleESN [B],3,13,0.00011529647581680694
singleESN [B],3,14,0.0024977477778668224
singleESN [B],3,15,-0.0006890482267093399
singleESN [B],3,16,0.0007283445938595472
singleESN [B],3,17,0.0007524853625464683
singleESN [B],3,18,-0.0001717189008066172
singleESN [B],3,19,-0.004234291398309971
singleESN [B],3,20,-0.0054869720951708
singleESN [B],3,21,-0.0035934708359065225
singleESN [B],3,22,-0.0037060070972472475
singleESN [B],3,23,-0.00032041544941454735
singleESN [B],4,0,-0.014155131172764252
singleESN [B],4,1,-0.006708173069535132
singleESN [B],4,2,-0.013341495906374422
singleESN [B],4,3,0.004481302195976447
singleESN [B],4,4,0.01122291840644402
singleESN [B],4,5,-0.017442778628376163
singleESN [B],4,6,-0.01661244059763219
singleESN [B],4,7,0.008648983170519431
singleESN [B],4,8,0.0004050671846948118
singleESN [B],4,9,-0.001963611782047057
singleESN [B],4,10,0.0027556719711482078
singleESN [B],4,11,0.0045820197727250295
singleESN [B],4,12,0.0001152964757165642
singleESN [B],4,13,0.002497541065424987
singleESN [B],4,14,-0.0006788440970093342
singleESN [B],4,15,0.0007283672408827952
singleESN [B],4,16,0.0007550327401937684
singleESN [B],4,17,-0.00018361778065840127
singleESN [B],4,18,-0.004548099307492779
singleESN [B],4,19,-0.006893348591403907
singleESN [B],4,20,-0.004263493493815024
singleESN [B],4,21,-0.004232480094250518
singleESN [B],4,22,-0.0003641685884409763
singleESN [B],4,23,0.001114853642904152
singleESN [B],5,0,-0.0070036369974767615
singleESN [B],5,1,-0.013338817453515457
singleESN [B],5,2,-0.011254641113018386
singleESN [B],5,3,-0.001665683370101756
singleESN [B],5,4,-0.004180363214289577
singleESN [B],5,5,-0.016388220942633383
singleESN [B],5,6,-0.00982991156227421
singleESN [B],5,7,0.005218252077859335
singleESN [B],5,8,-0.002232251149729753
singleESN [B],5,9,0.0027556719711244065
singleESN [B],5,10,0.004582019772725069
singleESN [B],5,11,0.00011529647571659196
singleESN [B],5,12,0.0024985987629091255
singleESN [B],5,13,-0.0006801867909305998
singleESN [B],5,14,0.000728409095455379
singleESN [B],5,15,0.000754668458508888
singleESN [B],5,16,-0.00018283032412578105
singleESN [B],5,17,-0.0049968151960613485
singleESN [B],5,18,-0.007029644192743654
singleESN [B],5,19,-0.004907182528837215
singleESN [B],5,20,-0.00444317652773721
singleESN [B],5,21,-0.000563539649355722
singleESN [B],5,22,0.0011065806863212587
singleESN [B],5,23,-0.0038883511126437285
singleESN [B],6,0,-0.013372097752221392
singleESN [B],6,1,0.0034343118285335714
singleESN [B],6,2,-0.0018578599896419724
singleESN [B],6,3,-0.018096624784090222
singleESN [B],6,4,0.003975917897971639
singleESN [B],6,5,-0.009819856079720555
singleESN [B],6,6,-0.006875838849289554
singleESN [B],6,7,-0.0022733451841069193
singleESN [B],6,8,0.002755671971119544
singleESN [B],6,9,0.004582019772725068
singleESN [B],6,10,0.0001152964757165911
singleESN [B],6,11,0.002498528116752523
singleESN [B],6,12,-0.000678893767228508
singleESN [B],6,13,0.0007284101073830327
singleESN [B],6,14,0.000754869268965546
singleESN [B],6,15,-0.00018300229135139769
singleESN [B],6,16,-0.005017557766337643
singleESN [B],6,17,-0.007194741563453786
singleESN [B],6,18,-0.004963040574484757
singleESN [B],6,19,-0.004620272903587113
singleESN [B],6,20,-0.0006362701464478152
singleESN [B],6,21,0.0008720426287865701
singleESN [B],6,22,-0.0038668345424487166
singleESN [B],6,23,-0.004645093052870026
singleESN [B],7,0,-0.01147127275626
singleESN [B],7,1,-0.001857869792992562
singleESN [B],7,2,-0.018118931386290667
singleESN [B],7,3,-0.016930604994961317
singleESN [B],7,4,0.011005719111379245
singleESN [B],7,5,0.004019835163833731
singleESN [B],7,6,-0.0022951749704455816
singleESN [B],7,7,0.002755671971119572
singleESN [B],7,8,0.004582019772725068
singleESN [B],7,9,0.0001152964757165911
singleESN [B],7,10,0.002498522332142639
singleESN [B],7,11,-0.0006790852632378467
singleESN [B],7,12,0.0007284105205439878
singleESN [B],7,13,0.0007548659233851925
singleESN [B],7,14,-0.00018292104830789583
singleESN [B],7,15,-0.005042840291412291
singleESN [B],7,16,-0.007201762438394323
singleESN [B],7,17,-0.005032661349827974
singleESN [B],7,18,-0.0046417203577830265
singleESN [B],7,19,-0.000693709212068943
singleESN [B],7,20,0.0008080578903334299
singleESN [B],7,21,-0.003980078902277037
singleESN [B],7,22,-0.004647345257351098
singleESN [B],7,23,-0.0026176955376251143
multiESN [A],0,0,-0.0014899665568434695
multiESN [A],0,1,0.004732621505085692
multiESN [A],0,2,0.0021947632498357716
multiESN [A],0,3,0.006225364985155174
multiESN [A],0,4,-0.0008343217233254966
multiESN [A],0,5,0.00593522177144468
multiESN [A],0,6,-0.0012020984746158444
multiESN [A],0,7,0.00043072760576226034
multiESN [A],0,8,0.010013131208701155
multiESN [A],0,9,-0.001233266348756791
multiESN [A],0,10,-0.0037745955894253145
multiESN [A],0,11,0.0022416113357549656
multiESN [A],0,12,-0.0012052791482201506
multiESN [A],0,13,-0.0004944296124115661
multiESN [A],0,14,0.0024797028880250128
multiESN [A],0,15,0.004076096548633678
multiESN [A],0,16,-0.00011964368255716791
multiESN [A],0,17,0.0016167522447015762
multiESN [A],0,18,0.0009041989299158225
multiESN [A],0,19,0.0008407713909025253
multiESN [A],0,20,0.002683232359669805
multiESN [A],0,21,0.000390369921501996
multiESN [A],0,22,-0.0008693859590206124
multiESN [A],0,23,-0.002587011181598438
multiESN [A],1,0,0.002930041727739057
multiESN [A],1,1,0.004008796681463962
multiESN [A],1,2,0.005874648810467315
multiESN [A],1,3,-0.0030446674556284976
multiESN [A],1,4,0.006109336494684762
multiESN [A],1,5,-0.0012891395562909767
multiESN [A],1,6,0.0005984415724760769
multiESN [A],1,7,0.009233867518561083
multiESN [A],1,8,-0.006183340523886754
multiESN [A],1,9,-0.0017464972447551116
multiESN [A],1,10,0.0029213942539684365
multiESN [A],1,11,-0.0005231800521767844
multiESN [A],1,12,-0.0007383955471193188
multiESN [A],1,13,0.0026890072602305678
multiESN [A],1,14,0.004549489885823954
multiESN [A],1,15,4.907450839181614e-05
multiESN [A],1,16,0.0024187839438717025
multiESN [A],1,17,-0.0007461412372504733
multiESN [A],1,18,0.000983362528098189
multiESN [A],1,19,0.0009481801550571571
multiESN [A],1,20,0.00043634086244570373
multiESN [A],1,21,-0.0014684642220293394
multiESN [A],1,22,-0.0031695124924838785
multiESN [A],1,23,-0.0013426999527774925
multiESN [A],2,0,0.0049582566703235504
multiESN [A],2,1,0.003755172239833803
multiESN [A],2,2,-0.0035627558431295912
multiESN [A],2,3,0.004537728614444622
multiESN [A],2,4,-0.001886488817925267
multiESN [A],2,5,-0.0007528532375995975
multiESN [A],2,6,0.01289764165937486
multiESN [A],2,7,-0.006307998061863485
multiESN [A],2,8,-0.004080274914349223
multiESN [A],2,9,0.0036051570131349474
multiESN [A],2,10,-0.0011579458405549187
multiESN [A],2,11,-0.0008258997947502731
multiESN [A],2,12,0.0027099283839862993
multiESN [A],2,13,0.004571029247711744
multiESN [A],2,14,9.929811002004456e-05
multiESN [A],2,15,0.002442251084797313
multiESN [A],2,16,-0.0005332307759273796
multiESN [A],2,17,0.0006624635800372503
multiESN [A],2,18,0.0010403547878019524
multiESN [A],2,19,3.0861408672504774e-05
multiESN [A],2,20,-0.001443835786706117
multiESN [A],2,21,-0.0038201869659152945
multiESN [A],2,22,-0.0015744429209975088
multiESN [A],2,23,-0.002331712927632507
multiESN [A],3,0,0.007371953707826331
multiESN [A],3,1,-0.0045553006732930645
multiESN [A],3,2,0.003097601146945463
multiESN [A],3,3,-0.003674457265646699
multiESN [A],3,4,-0.001529067446075407
multiESN [A],3,5,0.008863594223219171
multiESN [A],3,6,-0.004900220142137392
multiESN [A],3,7,-0.0033398042100866443
multiESN [A],3,8,0.001541587218205043
multiESN [A],3,9,-0.0008597319238907884
multiESN [A],3,10,-0.0008946000015001765
multiESN [A],3,11,0.0027235526579800482
multiESN [A],3,12,0.004570923700829331
multiESN [A],3,13,0.00010187138748795743
multiESN [A],3,14,0.002580567438130721
multiESN [A],3,15,-0.0005403399009451136
multiESN [A],3,16,0.0007314416694819553
multiESN [A],3,17,0.0007398181899280253
multiESN [A],3,18,5.2442579722309854e-05
multiESN [A],3,19,-0.00225868970339378
multiESN [A],3,20,-0.0038878404950216175
multiESN [A],3,21,-0.0021323540887871455
multiESN [A],3,22,-0.0024831160717515444
multiESN [A],3,23,0.0009947692203079103
multiESN [A],4,0,-0.0031992611137688382
multiESN [A],4,1,0.0034368986403900213
multiESN [A],4,2,-0.002517972762902607
multiESN [A],4,3,-0.0028293587039249024
multiESN [A],4,4,0.007756858104737661
multiESN [A],4,5,-0.007297505193788058
multiESN [A],4,6,-0.0049606402885497706
multiESN [A],4,7,0.0015196417506428582
multiESN [A],4,8,-0.00261703255618555
multiESN [A],4,9,-0.0008479970254703754
multiESN [A],4,10,0.0027258479027798582
multiESN [A],4,11,0.004571030945204365
multiESN [A],4,12,0.00010193194323896825
multiESN [A],4,13,0.0025948196988976233
multiESN [A],4,14,-0.00044752542258704505
multiESN [A],4,15,0.0007396286441330299
multiESN [A],4,16,0.0007914258589485105
multiESN [A],4,17,-0.0001338690834677943
multiESN [A],4,18,-0.0020466435044897433
multiESN [A],4,19,-0.0046500062122205215
multiESN [A],4,20,-0.0022001212740769905
multiESN [A],4,21,-0.003037559516821677
multiESN [A],4,22,0.0008396001108291378
multiESN [A],4,23,0.0033642006892792313
multiESN [A],5,0,0.003094257580933229
multiESN [A],5,1,-0.004750414909480876
multiESN [A],5,2,-0.001125315198217085
multiESN [A],5,3,0.007359561853053731
multiESN [A],5,4,-0.00803025040264488
multiESN [A],5,5,-0.0065211463989207
multiESN [A],5,6,0.0023467850733426875
multiESN [A],5,7,-0.00256182086075981
multiESN [A],5,8,-0.0015294798340977607
multiESN [A],5,9,0.0027263982716306894
multiESN [A],5,10,0.004571046214701526
multiESN [A],5,11,0.00010196779332689431
multiESN [A],5,12,0.00259899369304032
multiESN [A],5,13,-0.00044038651300650194
multiESN [A],5,14,0.0007600789002159261
multiESN [A],5,15,0.0007855601737464992
multiESN [A],5,16,-0.00010221968871466577
multiESN [A],5,17,-0.003108938710686472
multiESN [A],5,18,-0.0044680291130319615
multiESN [A],5,19,-0.0026613295553575703
multiESN [A],5,20,-0.003107138523779607
multiESN [A],5,21,0.00047641129908282485
multiESN [A],5,22,0.003219783369957925
multiESN [A],5,23,-0.0006509637850833916
multiESN [A],6,0,-0.0028503591943211445
multiESN [A],6,1,-0.003803087746105772
multiESN [A],6,2,0.013416965520635501
multiESN [A],6,3,-0.00893302830016791
multiESN [A],6,4,-0.005003104458951935
multiESN [A],6,5,0.00043236550800841884
multiESN [A],6,6,-0.0018869634799604223
multiESN [A],6,7,-0.0016895308366076884
multiESN [A],6,8,0.0027262480514168804
multiESN [A],6,9,0.00457104743564102
multiESN [A],6,10,0.00010197196465589874
multiESN [A],6,11,0.0026039280644159853
multiESN [A],6,12,-0.00043723123707451513
multiESN [A],6,13,0.0007630405904591473
multiESN [A],6,14,0.0008209408245345292
multiESN [A],6,15,-0.0001063799413075139
multiESN [A],6,16,-0.0031360276321576227
multiESN [A],6,17,-0.0054443536124754634
multiESN [A],6,18,-0.002586243146557394
multiESN [A],6,19,-0.003562757486982487
multiESN [A],6,20,0.0004310825187007119
multiESN [A],6,21,0.002835427765610957
multiESN [A],6,22,-0.0007930481757975633
multiESN [A],6,23,-0.0025185441366533112
multiESN [A],7,0,-0.0016194567962771944
multiESN [A],7,1,0.006430064846148855
multiESN [A],7,2,-0.006362131523291585
multiESN [A],7,3,-0.006193355288823784
multiESN [A],7,4,8.743661680334341e-05
multiESN [A],7,5,-0.0036246644139716865
multiESN [A],7,6,-0.001730729434436122
multiESN [A],7,7,0.0027263297205703334
multiESN [A],7,8,0.0045710474245120244
multiESN [A],7,9,0.00010197243367348393
multiESN [A],7,10,0.002606138703281739
multiESN [A],7,11,-0.0004334935542866505
multiESN [A],7,12,0.0007636268758192616
multiESN [A],7,13,0.0008235759263296475
multiESN [A],7,14,-8.36831385593647e-05
multiESN [A],7,15,-0.003326577067287026
multiESN [A],7,16,-0.0054682686878037255
multiESN [A],7,17,-0.0031151003712260273
multiESN [A],7,18,-0.003489861142076304
multiESN [A],7,19,0.0001994163583273669
multiESN [A],7,20,0.0027882238442549856
multiESN [A],7,21,-0.0013253467983011915
multiESN [A],7,22,-0.0025995968401240363
multiESN [A],7,23,-0.0013952210963621746
multiESN [B],0,0,-0.0011344813553494613
multiESN [B],0,1,0.0022871066780239865
multiESN [B],0,2,0.0033945253650803824
multiESN [B],0,3,0.005868306670192328
multiESN [B],0,4,-0.0008639034627538787
multiESN [B],0,5,0.006077357001223685
multiESN [B],0,6,-0.0010149184036087775
multiESN [B],0,7,0.0007919044159318761
multiESN [B],0,8,0.010553996257555605
multiESN [B],0,9,-0.0029702287402417864
multiESN [B],0,10,-0.003311502633372281
multiESN [B],0,11,0.0029468716526746125
multiESN [B],0,12,-0.0014309511791390592
multiESN [B],0,13,-0.00033833974752854774
multiESN [B],0,14,0.002840757123231587
multiESN [B],0,15,0.004486275001880367
multiESN [B],0,16,-2.6249605525659886e-05
multiESN [B],0,17,0.0023001212373099825
multiESN [B],0,18,0.0006336751097765804
multiESN [B],0,19,0.0008761996726535728
multiESN [B],0,20,0.001538029030573017
multiESN [B],0,21,0.0007271758089026949
multiESN [B],0,22,-0.00050351875285867
multiESN [B],0,23,-0.0033200684711791936
multiESN [B],1,0,0.0020996652724110717
multiESN [B],1,1,0.004547223625284196
multiESN [B],1,2,0.004611098946059271
multiESN [B],1,3,-0.0020128249013246164
multiESN [B],1,4,0.005982815212257998
multiESN [B],1,5,-0.0008467699359167406
multiESN [B],1,6,-0.0005655096478645663
multiESN [B],1,7,0.010627628037721593
multiESN [B],1,8,-0.005629954623267082
multiESN [B],1,9,-0.0035584476178717322
multiESN [B],1,10,0.003245074846798604
multiESN [B],1,11,-0.0010272632355462705
multiESN [B],1,12,0.000453180460523752
multiESN [B],1,13,0.0028693020334555953
multiESN [B],1,14,0.004637646010843013
multiESN [B],1,15,0.00017087042700643373
multiESN [B],1,16,0.0029136520653887644
multiESN [B],1,17,-0.00011542856691806793
multiESN [B],1,18,0.0011737469533525287
multiESN [B],1,19,0.0012992864042772802
multiESN [B],1,20,0.0004814904715978001
multiESN [B],1,21,-0.001019194808095516
multiESN [B],1,22,-0.0030489142231263757
multiESN [B],1,23,-0.0014652373156816452
multiESN [B],2,0,0.004374359660491702
multiESN [B],2,1,0.004973861531256232
multiESN [B],2,2,-0.002887029725282414
multiESN [B],2,3,0.00502436090957281
multiESN [B],2,4,-0.00108934713554114
multiESN [B],2,5,-0.0006140552876088314
multiESN [B],2,6,0.009801694416213251
multiESN [B],2,7,-0.005565374562666621
multiESN [B],2,8,-0.005064416291753992
multiESN [B],2,9,0.0029404889812264523
multiESN [B],2,10,-0.0005774674338901156
multiESN [B],2,11,0.0003695560532022465
multiESN [B],2,12,0.0029039445975681485
multiESN [B],2,13,0.004637543334940916
multiESN [B],2,14,0.00018031382582290364
multiESN [B],2,15,0.00299455551107804
multiESN [B],2,16,4.0298192878502476e-06
multiESN [B],2,17,0.0010480634778302243
multiESN [B],2,18,0.00133574890344968
multiESN [B],2,19,0.00042221293533182234
multiESN [B],2,20,-0.0011262319545969858
multiESN [B],2,21,-0.003298639808371532
multiESN [B],2,22,-0.001363729869641791
multiESN [B],2,23,-0.002215707146557968
multiESN [B],3,0,0.004932137066166177
multiESN [B],3,1,-0.0027197570578233977
multiESN [B],3,2,0.004432113735860533
multiESN [B],3,3,-0.0017253671069612413
multiESN [B],3,4,-0.0006845784829924931
multiESN [B],3,5,0.00982456972567115
multiESN [B],3,6,-0.006388015844197338
multiESN [B],3,7,-0.005015536169688677
multiESN [B],3,8,0.0018987974833682827
multiESN [B],3,9,-0.00039543450778367715
multiESN [B],3,10,0.00034918571681753427
multiESN [B],3,11,0.0029015699712015984
multiESN [B],3,12,0.004638147059509965
multiESN [B],3,13,0.0001802246454987175
multiESN [B],3,14,0.0030310342511756616
multiESN [B],3,15,2.6865956341130467e-05
multiESN [B],3,16,0.0010675594597180727
multiESN [B],3,17,0.0013028048152994203
multiESN [B],3,18,0.0004282687622114622
multiESN [B],3,19,-0.0011690017050843193
multiESN [B],3,20,-0.003342950818511301
multiESN [B],3,21,-0.0015213019087746502
multiESN [B],3,22,-0.0021830673839087792
multiESN [B],3,23,0.0012713981821137789
multiESN [B],4,0,-0.002665417795819947
multiESN [B],4,1,0.004559503028951729
multiESN [B],4,2,-0.00213452902350599
multiESN [B],4,3,-0.0010142008390963244
multiESN [B],4,4,0.009788498669930114
multiESN [B],4,5,-0.0062393128103756575
multiESN [B],4,6,-0.005422946748373547
multiESN [B],4,7,0.001935150721611374
multiESN [B],4,8,-0.0007269604827022276
multiESN [B],4,9,0.00034046379947324113
multiESN [B],4,10,0.002901270653647607
multiESN [B],4,11,0.004638116114283546
multiESN [B],4,12,0.0001802798177831036
multiESN [B],4,13,0.0030261346774628326
multiESN [B],4,14,4.092556251873627e-05
multiESN [B],4,15,0.0010704057481446053
multiESN [B],4,16,0.0013081172922747245
multiESN [B],4,17,0.000420118580561667
multiESN [B],4,18,-0.0011575204394842428
multiESN [B],4,19,-0.003363263353362295
multiESN [B],4,20,-0.0015547363307649251
multiESN [B],4,21,-0.00224579676764767
multiESN [B],4,22,0.0012811237938688868
multiESN [B],4,23,0.0038239615970181154
multiESN [B],5,0,0.0045969878580989845
multiESN [B],5,1,-0.002025397257433454
multiESN [B],5,2,-0.0012383728029404777
multiESN [B],5,3,0.009548306405021674
multiESN [B],5,4,-0.006444744517322975
multiESN [B],5,5,-0.005372465389245906
multiESN [B],5,6,0.0016549830393600747
multiESN [B],5,7,-0.001018461258322616
multiESN [B],5,8,0.0003366773206568575
multiESN [B],5,9,0.002901216634300655
multiESN [B],5,10,0.004638110064564065
multiESN [B],5,11,0.00018027516789088406
multiESN [B],5,12,0.0030316361430562998
multiESN [B],5,13,3.8868873414202136e-05
multiESN [B],5,14,0.0010717686372285285
multiESN [B],5,15,0.0013089022306147996
multiESN [B],5,16,0.00042144122524016316
multiESN [B],5,17,-0.0011711886842827746
multiESN [B],5,18,-0.003357669901391167
multiESN [B],5,19,-0.0015748419133560978
multiESN [B],5,20,-0.002258327888590701
multiESN [B],5,21,0.0012608916218602231
multiESN [B],5,22,0.0038299968309570866
multiESN [B],5,23,4.0876004443262184e-05
multiESN [B],6,0,-0.0019972953967726734
multiESN [B],6,1,-0.0011204079635569446
multiESN [B],6,2,0.009377995484880832
multiESN [B],6,3,-0.006729846647959168
multiESN [B],6,4,-0.0054023072634433
multiESN [B],6,5,0.001694307930047211
multiESN [B],6,6,-0.0015608635750857403
multiESN [B],6,7,0.00033694829037919996
multiESN [B],6,8,0.002901208081087002
multiESN [B],6,9,0.004638108035681635
multiESN [B],6,10,0.00018027266392840573
multiESN [B],6,11,0.0030309629023445223
multiESN [B],6,12,4.129177164183175e-05
multiESN [B],6,13,0.001071657845611057
multiESN [B],6,14,0.001309311682009877
multiESN [B],6,15,0.00042163387799880065
multiESN [B],6,16,-0.0011684436860653763
multiESN [B],6,17,-0.00336456970539235
multiESN [B],6,18,-0.0015650631868118162
multiESN [B],6,19,-0.002265698298004242
multiESN [B],6,20,0.0012572455558229646
multiESN [B],6,21,0.0038180176601157927
multiESN [B],6,22,4.6291419118926584e-05
multiESN [B],6,23,-0.00188158881122718
multiESN [B],7,0,-0.0011079665270020576
multiESN [B],7,1,0.00946630106128895
multiESN [B],7,2,-0.006815158318230281
multiESN [B],7,3,-0.005551503088709579
multiESN [B],7,4,0.001674421013283453
multiESN [B],7,5,-0.0013594086575930706
multiESN [B],7,6,0.00033691424790360976
multiESN [B],7,7,0.0029012070254670883
multiESN [B],7,8,0.004638107475144362
multiESN [B],7,9,0.00018027162376681605
multiESN [B],7,10,0.003030759087339177
multiESN [B],7,11,4.0997463987822204e-05
multiESN [B],7,12,0.001071789189155098
multiESN [B],7,13,0.0013092753962822426
multiESN [B],7,14,0.0004217359632390583
multiESN [B],7,15,-0.001167844395817597
multiESN [B],7,16,-0.0033631652320605873
multiESN [B],7,17,-0.0015759245223486039
multiESN [B],7,18,-0.002262707033273334
multiESN [B],7,19,0.001255205426113749
multiESN [B],7,20,0.003815722982549003
multiESN [B],7,21,3.6423033336838335e-05
multiESN [B],7,22,-0.001879155771134843
multiESN [B],7,23,-0.0007928707082382989
